<?xml version="1.0" encoding="utf-8"?>
<!DOCTYPE configuration PUBLIC
"-//mybatis.org//DTD Config 3.0//EN"
"http://mybatis.org/dtd/mybatis-3-config.dtd">
<configuration>
	<settings>
		<setting name="jdbcTypeForNull" value="NULL"/>
	</settings>
	
	<typeAliases> <!-- 자료형(Class) 별칭  선언 부 -->
				  <!-- 반드시 필요 !!! -->
		<typeAlias type="member.model.vo.Member" alias="Member" />
		<typeAlias type="notice.model.vo.Notice" alias="Notice" />
		<typeAlias type="board.model.vo.Board" alias="Board" />
		<!-- <typeAlias type="board.model.vo.BoardPage" alias="BoardPage"/> -->
		<!-- 해당 부분은 RowBounds 로 처리하였습니다. -->
	</typeAliases>
	<environments default="development">
		<!-- DB 연동 설정 / 환경 여러개 설정할 수 있음 ; 구분은 id ! -->
		<environment id="development">
			<transactionManager type="JDBC" /> 
			<!-- 스스로 트랜잭션 관리하므로 commit, rollback, close 필요 X -->
			<dataSource type="POOLED"> 
			<!-- Pooling 시스템 :
			커넥션 풀 이란 최초 사용자의 요청이 있을때 DB에 연결하여 명령을 실행하고,
			명령이 종료되어도 연결을 종료하지 않고 pool에 저장하여 요청이 올때마다 pool에서 커넥션을 꺼내 재사용하는것이다.
			또한 재사용할 커넥션이 없을경우 새로운 커넥션을 생성하여 사용자는 해당 커넥션을 이용한다.

			DB 핸들링에서 DB접속 부분의 cost가 제일 크다고 알려져 있으며, 커넥션 풀을 이용하면 DB 접속을 위해 연결하는 시간을 줄일수 있다.

			가끔씩 실행되는 자바 프로그램등에서는 커넥션 풀이 필요 없을지 모르지만,
			웹 서비스 등에서는 커넥션 풀을 반드시 이용하는게 좋다.
			-->
				<property name="driver" value="oracle.jdbc.driver.OracleDriver" />
				<property name="url" value="jdbc:oracle:thin:@127.0.0.1:1521:xe" />
				<property name="username" value="student" />
				<property name="password" value="student" />
			</dataSource>
		</environment>
		
		<!-- 이런 식으로~~~~ -->
		<!-- <environment id="development2">
			<transactionManager type="JDBC" />
			<dataSource type="POOLED">
				<property name="driver" value="oracle.jdbc.driver.OracleDriver" />
				<property name="url" value="jdbc:oracle:thin:@127.0.0.1:1521:xe" />
				<property name="username" value="test" />
				<property name="password" value="test" />
			</dataSource>
		</environment> -->
	</environments>
	
	<mappers>
		<mapper resource="member/model/mapper/member-mapper.xml" />
		<mapper resource="notice/model/mapper/notice-mapper.xml" />
		<mapper resource="board/model/mapper/board-mapper.xml" />
	</mappers>
</configuration>
